                  epoch,         train/box_loss,         train/cls_loss,         train/dfl_loss,   metrics/precision(B),      metrics/recall(B),       metrics/mAP50(B),    metrics/mAP50-95(B),           val/box_loss,           val/cls_loss,           val/dfl_loss,                 lr/pg0,                 lr/pg1,                 lr/pg2
                      1,                 2.6828,                 3.2316,                 1.9247,                0.79001,                0.57143,                0.64925,                0.28089,                 2.0867,                 1.7634,                 1.6894,               0.066877,             3.3156e-05,             3.3156e-05
                      2,                 1.9864,                 1.5996,                 1.4742,                0.90166,                0.82226,                0.89137,                0.44841,                 1.7384,                 1.0809,                  1.424,               0.033577,             6.6423e-05,             6.6423e-05
                      3,                 1.7315,                 1.0775,                 1.3702,                0.93685,                0.91184,                0.94702,                0.49148,                 1.6536,                0.81847,                 1.3397,             0.00027693,             9.9623e-05,             9.9623e-05
                      4,                 1.6506,                0.87484,                 1.3285,                0.95158,                0.94678,                0.96928,                0.51647,                 1.5954,                0.68495,                 1.3464,               9.97e-05,               9.97e-05,               9.97e-05
                      5,                  1.605,                0.77257,                 1.3319,                0.96313,                0.95681,                0.97149,                0.52332,                 1.5461,                0.61558,                 1.3405,               9.96e-05,               9.96e-05,               9.96e-05
                      6,                 1.5814,                0.72928,                 1.3212,                  0.978,                0.95996,                0.98355,                0.54086,                 1.5409,                0.56866,                 1.3468,               9.95e-05,               9.95e-05,               9.95e-05
                      7,                 1.5293,                0.68227,                 1.3042,                0.97366,                0.96512,                0.98146,                0.54784,                 1.5149,                0.54093,                 1.3445,               9.94e-05,               9.94e-05,               9.94e-05
                      8,                 1.5527,                0.66106,                 1.3144,                 0.9717,                0.96971,                 0.9812,                0.54678,                 1.5074,                0.52861,                 1.3453,               9.93e-05,               9.93e-05,               9.93e-05
                      9,                 1.5252,                0.65071,                 1.3032,                0.97665,                0.97269,                0.98217,                0.54516,                 1.5119,                0.50554,                 1.3398,               9.92e-05,               9.92e-05,               9.92e-05
                     10,                 1.5093,                0.62078,                 1.2996,                0.97668,                 0.9742,                0.98415,                0.55796,                 1.4846,                0.49479,                 1.3347,               9.91e-05,               9.91e-05,               9.91e-05
                     11,                 1.5125,                0.61721,                 1.2981,                0.98137,                0.97508,                0.98562,                0.55395,                 1.5005,                 0.4853,                 1.3544,                9.9e-05,                9.9e-05,                9.9e-05
                     12,                 1.5032,                0.59902,                 1.2891,                0.98097,                0.98007,                0.98678,                0.55985,                 1.4909,                0.46976,                 1.3399,               9.89e-05,               9.89e-05,               9.89e-05
                     13,                 1.5032,                0.59146,                 1.2969,                0.97995,                 0.9743,                0.98451,                0.56213,                 1.4809,                0.47152,                 1.3306,               9.88e-05,               9.88e-05,               9.88e-05
                     14,                 1.4706,                0.56788,                 1.2717,                0.97866,                0.97841,                0.98533,                0.56862,                 1.4687,                0.46028,                 1.3145,               9.87e-05,               9.87e-05,               9.87e-05
                     15,                 1.4834,                0.58665,                 1.2659,                0.97847,                0.98131,                 0.9863,                 0.5607,                 1.4955,                 0.4585,                 1.3289,               9.86e-05,               9.86e-05,               9.86e-05
                     16,                 1.4751,                0.56688,                 1.2753,                0.97509,                0.97841,                0.98364,                0.57721,                 1.4629,                0.45257,                 1.3469,               9.85e-05,               9.85e-05,               9.85e-05
                     17,                 1.4673,                0.56785,                 1.2802,                   0.98,                0.97659,                0.98657,                0.57258,                 1.4721,                0.45345,                 1.3534,               9.84e-05,               9.84e-05,               9.84e-05
                     18,                 1.4533,                0.56026,                 1.2733,                0.98326,                0.97559,                0.98738,                0.57744,                 1.4762,                0.45371,                 1.3414,               9.83e-05,               9.83e-05,               9.83e-05
                     19,                 1.4601,                0.54609,                 1.2743,                0.98101,                0.98007,                0.98755,                0.56537,                 1.4914,                0.44958,                 1.3496,               9.82e-05,               9.82e-05,               9.82e-05
                     20,                 1.4645,                0.56089,                 1.2744,                0.98184,                0.97674,                0.98508,                0.56921,                 1.4876,                0.44394,                 1.3379,               9.81e-05,               9.81e-05,               9.81e-05
                     21,                 1.4648,                 0.5558,                 1.2754,                0.98104,                0.98007,                0.98517,                0.57673,                 1.4822,                0.44529,                 1.3454,                9.8e-05,                9.8e-05,                9.8e-05
                     22,                 1.4609,                0.55191,                  1.277,                0.98169,                0.97965,                0.98518,                0.57352,                 1.4773,                0.44239,                 1.3438,               9.79e-05,               9.79e-05,               9.79e-05
                     23,                 1.4596,                0.54462,                 1.2732,                  0.985,                0.98145,                0.98931,                0.58229,                 1.4662,                0.43669,                 1.3406,               9.78e-05,               9.78e-05,               9.78e-05
                     24,                 1.4412,                 0.5411,                 1.2637,                0.98121,                0.98007,                0.98641,                0.57603,                 1.4706,                0.43508,                 1.3507,               9.77e-05,               9.77e-05,               9.77e-05
                     25,                  1.452,                0.53867,                 1.2597,                0.97984,                0.97841,                 0.9864,                 0.5762,                 1.4669,                0.43171,                 1.3254,               9.76e-05,               9.76e-05,               9.76e-05
                     26,                 1.4514,                0.53878,                 1.2668,                0.98608,                0.98339,                 0.9882,                 0.5833,                 1.4689,                0.43374,                 1.3345,               9.75e-05,               9.75e-05,               9.75e-05
                     27,                  1.435,                0.53584,                 1.2669,                0.98442,                0.98173,                0.98676,                0.57454,                 1.4871,                0.43137,                 1.3359,               9.74e-05,               9.74e-05,               9.74e-05
                     28,                 1.4522,                0.53068,                 1.2618,                0.98786,                0.98505,                0.99123,                0.58433,                 1.4797,                 0.4282,                 1.3279,               9.73e-05,               9.73e-05,               9.73e-05
                     29,                 1.4357,                0.53193,                 1.2532,                0.98666,                0.98339,                0.99104,                0.58082,                 1.4916,                   0.43,                 1.3221,               9.72e-05,               9.72e-05,               9.72e-05
                     30,                 1.4472,                0.53931,                 1.2668,                0.98684,                0.98339,                0.98864,                0.58826,                 1.4585,                0.42209,                 1.3358,               9.71e-05,               9.71e-05,               9.71e-05
                     31,                 1.4339,                0.52808,                 1.2612,                0.99083,                0.98671,                0.99406,                0.58691,                 1.4716,                0.42315,                 1.3311,                9.7e-05,                9.7e-05,                9.7e-05
                     32,                  1.449,                0.53233,                 1.2631,                0.98831,                0.98294,                0.98751,                0.58459,                 1.4561,                0.42027,                 1.3411,               9.69e-05,               9.69e-05,               9.69e-05
                     33,                 1.4284,                0.51696,                  1.273,                0.98302,                0.98339,                0.99039,                 0.5866,                 1.4688,                0.42418,                 1.3512,               9.68e-05,               9.68e-05,               9.68e-05
                     34,                 1.4267,                0.51682,                 1.2507,                0.99107,                0.98505,                0.99282,                0.59361,                 1.4547,                0.42241,                 1.3207,               9.67e-05,               9.67e-05,               9.67e-05
                     35,                 1.4138,                0.51407,                 1.2468,                0.98655,                0.98505,                 0.9925,                0.59512,                  1.451,                 0.4243,                 1.3255,               9.66e-05,               9.66e-05,               9.66e-05
                     36,                 1.4289,                0.52314,                 1.2512,                0.98755,                0.98339,                0.99104,                0.59293,                 1.4591,                 0.4234,                 1.3149,               9.65e-05,               9.65e-05,               9.65e-05
                     37,                 1.4141,                0.51863,                  1.241,                0.98721,                0.98339,                0.99099,                 0.5931,                 1.4642,                 0.4232,                 1.3136,               9.64e-05,               9.64e-05,               9.64e-05
                     38,                 1.4354,                0.52196,                 1.2528,                0.98998,                0.98502,                0.99072,                0.59012,                 1.4612,                 0.4275,                 1.3546,               9.63e-05,               9.63e-05,               9.63e-05
                     39,                 1.4231,                0.51896,                 1.2513,                0.98831,                0.98277,                0.99213,                0.59285,                  1.456,                 0.4191,                 1.3396,               9.62e-05,               9.62e-05,               9.62e-05
                     40,                 1.4158,                0.51147,                 1.2535,                0.98499,                0.98173,                0.98838,                0.59573,                 1.4373,                0.41353,                 1.3371,               9.61e-05,               9.61e-05,               9.61e-05
                     41,                 1.4304,                0.51951,                 1.2576,                0.98652,                0.98505,                0.99009,                0.59632,                 1.4428,                0.41722,                 1.3469,                9.6e-05,                9.6e-05,                9.6e-05
                     42,                 1.4091,                0.51522,                 1.2581,                0.98893,                0.98671,                0.99124,                 0.5988,                 1.4496,                0.41878,                 1.3624,               9.59e-05,               9.59e-05,               9.59e-05
                     43,                 1.4083,                  0.508,                 1.2611,                0.98501,                0.98234,                0.98889,                0.60062,                 1.4463,                 0.4152,                 1.3458,               9.58e-05,               9.58e-05,               9.58e-05
                     44,                  1.416,                0.51006,                 1.2621,                0.98669,                0.98524,                0.99079,                0.60134,                 1.4438,                0.41583,                 1.3469,               9.57e-05,               9.57e-05,               9.57e-05
                     45,                 1.4186,                0.51496,                 1.2635,                0.98592,                0.98339,                0.99029,                0.60051,                 1.4394,                0.41629,                 1.3455,               9.56e-05,               9.56e-05,               9.56e-05
                     46,                  1.412,                0.50474,                 1.2402,                0.99165,                0.98634,                0.99364,                0.60015,                 1.4509,                0.41235,                 1.3283,               9.55e-05,               9.55e-05,               9.55e-05
                     47,                 1.4135,                0.50965,                 1.2555,                0.98406,                0.98505,                0.99202,                0.59377,                 1.4428,                0.41375,                 1.3218,               9.54e-05,               9.54e-05,               9.54e-05
                     48,                 1.4058,                 0.5101,                 1.2489,                0.98503,                0.98671,                0.99146,                 0.6021,                 1.4434,                0.41547,                 1.3486,               9.53e-05,               9.53e-05,               9.53e-05
                     49,                 1.4073,                0.51195,                 1.2474,                0.98995,                0.98505,                0.99184,                  0.598,                 1.4426,                 0.4146,                 1.3444,               9.52e-05,               9.52e-05,               9.52e-05
                     50,                 1.4037,                0.51204,                 1.2582,                0.98834,                0.98574,                0.99158,                0.60578,                  1.431,                0.41278,                 1.3473,               9.51e-05,               9.51e-05,               9.51e-05
                     51,                  1.422,                0.51221,                 1.2535,                0.98498,                0.98671,                0.99247,                0.60292,                 1.4368,                0.41179,                 1.3487,                9.5e-05,                9.5e-05,                9.5e-05
                     52,                 1.4042,                0.50356,                 1.2578,                0.98998,                0.98475,                0.99072,                0.60497,                 1.4273,                0.41578,                 1.3369,             9.4901e-05,             9.4901e-05,             9.4901e-05
                     53,                 1.4118,                0.50826,                 1.2627,                0.98869,                0.98505,                0.99146,                0.60511,                 1.4261,                0.41466,                 1.3631,             9.4801e-05,             9.4801e-05,             9.4801e-05
                     54,                 1.3694,                0.49019,                 1.2481,                0.98675,                0.98671,                 0.9915,                0.60447,                 1.4299,                0.41765,                 1.3546,             9.4701e-05,             9.4701e-05,             9.4701e-05
                     55,                 1.3933,                0.50696,                 1.2518,                0.98497,                0.98339,                0.99083,                0.60396,                 1.4297,                 0.4116,                 1.3318,             9.4601e-05,             9.4601e-05,             9.4601e-05
                     56,                 1.3833,                0.50546,                 1.2451,                0.98623,                0.98339,                0.98885,                 0.6035,                 1.4302,                0.41669,                 1.3509,             9.4501e-05,             9.4501e-05,             9.4501e-05
                     57,                 1.4067,                0.51163,                 1.2621,                0.97837,                0.97841,                0.98618,                0.60102,                 1.4336,                0.41517,                 1.3561,             9.4401e-05,             9.4401e-05,             9.4401e-05
                     58,                 1.3759,                0.50041,                 1.2531,                0.98733,                0.98671,                0.99037,                0.60282,                 1.4424,                0.41187,                  1.358,             9.4301e-05,             9.4301e-05,             9.4301e-05
                     59,                  1.394,                0.50076,                 1.2547,                0.98909,                0.98339,                0.99146,                0.60557,                 1.4398,                0.41228,                 1.3492,             9.4201e-05,             9.4201e-05,             9.4201e-05
                     60,                 1.3737,                0.48896,                 1.2412,                0.98304,                0.98339,                0.98934,                0.60552,                 1.4392,                0.41034,                 1.3498,             9.4101e-05,             9.4101e-05,             9.4101e-05
                     61,                 1.3871,                0.50143,                  1.259,                0.98631,                0.98671,                 0.9924,                0.60188,                 1.4424,                0.41324,                 1.3544,             9.4001e-05,             9.4001e-05,             9.4001e-05
                     62,                 1.3797,                0.49456,                 1.2506,                0.98703,                0.98339,                0.98982,                0.60127,                 1.4453,                0.41097,                 1.3521,             9.3901e-05,             9.3901e-05,             9.3901e-05
                     63,                 1.3944,                0.48953,                 1.2589,                0.98831,                0.98266,                0.98973,                0.60666,                 1.4297,                 0.4111,                 1.3507,             9.3801e-05,             9.3801e-05,             9.3801e-05
                     64,                 1.3889,                0.50029,                 1.2507,                0.98903,                0.98671,                0.99253,                0.60406,                 1.4412,                0.41276,                 1.3475,             9.3701e-05,             9.3701e-05,             9.3701e-05
                     65,                 1.3835,                0.49588,                 1.2439,                0.99072,                0.98671,                0.99201,                0.60321,                 1.4353,                0.41198,                 1.3482,             9.3601e-05,             9.3601e-05,             9.3601e-05
                     66,                 1.3825,                0.49673,                 1.2476,                0.98785,                0.98671,                0.99247,                0.60632,                 1.4333,                0.41434,                 1.3511,             9.3501e-05,             9.3501e-05,             9.3501e-05
                     67,                 1.3689,                0.48634,                 1.2402,                0.99056,                0.98671,                0.99284,                0.60455,                 1.4376,                0.41616,                 1.3539,             9.3401e-05,             9.3401e-05,             9.3401e-05
                     68,                 1.3721,                0.49503,                 1.2477,                0.98166,                0.98339,                0.98917,                0.60702,                 1.4246,                0.40939,                 1.3466,             9.3301e-05,             9.3301e-05,             9.3301e-05
                     69,                 1.3809,                0.48543,                  1.236,                0.98831,                0.98277,                0.98874,                0.60677,                 1.4344,                 0.4112,                 1.3332,             9.3201e-05,             9.3201e-05,             9.3201e-05
                     70,                 1.3743,                0.48244,                  1.238,                0.99064,                0.98671,                0.99251,                0.60827,                 1.4323,                0.41091,                 1.3483,             9.3101e-05,             9.3101e-05,             9.3101e-05
                     71,                 1.3646,                0.48921,                 1.2411,                0.99166,                0.98722,                0.99278,                 0.6081,                 1.4336,                0.40685,                  1.366,             9.3001e-05,             9.3001e-05,             9.3001e-05
                     72,                 1.3653,                0.48352,                 1.2429,                0.98551,                0.98007,                0.98918,                0.60412,                 1.4292,                0.41194,                 1.3672,             9.2901e-05,             9.2901e-05,             9.2901e-05
                     73,                 1.3636,                 0.4872,                 1.2511,                0.99084,                0.98671,                0.99321,                0.60754,                 1.4227,                0.40476,                 1.3619,             9.2801e-05,             9.2801e-05,             9.2801e-05
                     74,                 1.3618,                0.48399,                 1.2465,                0.99077,                0.98671,                 0.9943,                 0.6075,                 1.4391,                0.40873,                 1.3453,             9.2701e-05,             9.2701e-05,             9.2701e-05
                     75,                 1.3653,                0.48016,                 1.2353,                   0.99,                0.98677,                0.99405,                0.60938,                  1.437,                0.40441,                 1.3548,             9.2601e-05,             9.2601e-05,             9.2601e-05
                     76,                 1.3968,                0.49411,                 1.2533,                   0.99,                0.98719,                0.99328,                 0.6085,                 1.4309,                0.40767,                 1.3632,             9.2501e-05,             9.2501e-05,             9.2501e-05
                     77,                 1.3633,                0.48165,                 1.2494,                0.98341,                 0.9846,                0.99277,                0.60808,                 1.4294,                0.40465,                  1.361,             9.2401e-05,             9.2401e-05,             9.2401e-05
                     78,                 1.3417,                0.47792,                 1.2352,                0.98751,                0.98837,                 0.9942,                0.60483,                 1.4422,                0.40424,                 1.3702,             9.2301e-05,             9.2301e-05,             9.2301e-05
                     79,                 1.3689,                0.48695,                 1.2595,                0.98553,                0.98505,                0.99106,                0.60633,                 1.4347,                0.40888,                  1.381,             9.2201e-05,             9.2201e-05,             9.2201e-05
                     80,                  1.357,                0.48051,                  1.247,                0.99063,                0.98671,                0.99155,                0.60647,                 1.4369,                0.40669,                 1.3761,             9.2101e-05,             9.2101e-05,             9.2101e-05
                     81,                 1.3465,                0.47421,                 1.2508,                0.99292,                0.98837,                0.99426,                 0.6054,                 1.4429,                 0.4066,                 1.3809,             9.2001e-05,             9.2001e-05,             9.2001e-05
                     82,                 1.3634,                  0.484,                 1.2584,                 0.9911,                0.98837,                0.99302,                0.60811,                 1.4333,                0.40545,                 1.3889,             9.1901e-05,             9.1901e-05,             9.1901e-05
                     83,                 1.3732,                0.49121,                 1.2523,                0.98948,                0.98837,                 0.9928,                0.60276,                 1.4473,                0.40657,                 1.3868,             9.1801e-05,             9.1801e-05,             9.1801e-05
                     84,                 1.3502,                0.47878,                 1.2342,                0.98901,                0.98837,                  0.993,                0.60136,                 1.4362,                0.40537,                 1.3674,             9.1701e-05,             9.1701e-05,             9.1701e-05
                     85,                 1.3611,                 0.4829,                  1.254,                0.98775,                0.98837,                0.99318,                0.60683,                 1.4418,                0.40527,                 1.3804,             9.1601e-05,             9.1601e-05,             9.1601e-05
                     86,                 1.3529,                0.48342,                 1.2486,                0.98666,                0.98671,                0.99188,                0.61148,                 1.4395,                 0.4072,                 1.3918,             9.1501e-05,             9.1501e-05,             9.1501e-05
                     87,                 1.3491,                 0.4831,                 1.2448,                0.99001,                 0.9877,                0.99309,                0.60651,                 1.4374,                0.40457,                 1.3826,             9.1401e-05,             9.1401e-05,             9.1401e-05
                     88,                 1.3559,                0.48432,                 1.2494,                0.99233,                0.99003,                0.99468,                0.61095,                 1.4425,                0.40885,                 1.3902,             9.1301e-05,             9.1301e-05,             9.1301e-05
                     89,                 1.3525,                0.47941,                 1.2493,                0.99086,                0.98671,                0.99337,                0.61003,                 1.4409,                0.40614,                 1.3967,             9.1201e-05,             9.1201e-05,             9.1201e-05
                     90,                 1.3444,                0.48134,                 1.2438,                0.98834,                0.98546,                0.99242,                0.61156,                 1.4452,                0.40504,                 1.3771,             9.1101e-05,             9.1101e-05,             9.1101e-05
                     91,                 1.3623,                0.48731,                 1.2575,                0.98623,                0.98505,                0.99293,                0.60663,                 1.4427,                0.40821,                 1.3747,             9.1001e-05,             9.1001e-05,             9.1001e-05
                     92,                 1.3665,                 0.4822,                 1.2529,                0.98722,                0.98671,                0.99202,                 0.6086,                 1.4423,                0.40885,                  1.373,             9.0901e-05,             9.0901e-05,             9.0901e-05
                     93,                 1.3384,                0.48181,                 1.2459,                0.98381,                0.98339,                0.99142,                0.61262,                 1.4336,                0.40699,                 1.3881,             9.0801e-05,             9.0801e-05,             9.0801e-05
                     94,                  1.351,                0.48057,                 1.2474,                0.98455,                0.98339,                0.99025,                0.60752,                 1.4388,                0.40898,                 1.3894,             9.0701e-05,             9.0701e-05,             9.0701e-05
                     95,                 1.3474,                 0.4829,                 1.2533,                0.97818,                0.97841,                0.98905,                0.60867,                 1.4425,                0.40651,                 1.3886,             9.0601e-05,             9.0601e-05,             9.0601e-05
                     96,                 1.3442,                0.47604,                 1.2433,                0.98502,                0.98505,                0.99147,                0.60717,                 1.4456,                0.41073,                  1.389,             9.0501e-05,             9.0501e-05,             9.0501e-05
                     97,                  1.345,                0.48219,                 1.2393,                 0.9849,                0.98505,                0.99158,                0.60759,                  1.441,                0.41357,                 1.3849,             9.0401e-05,             9.0401e-05,             9.0401e-05
                     98,                 1.3386,                0.47669,                 1.2372,                0.98649,                0.98671,                  0.993,                0.60654,                 1.4397,                0.41295,                 1.3763,             9.0301e-05,             9.0301e-05,             9.0301e-05
                     99,                 1.3548,                0.48306,                 1.2446,                 0.9882,                0.98837,                 0.9933,                0.61008,                 1.4388,                0.40986,                 1.3842,             9.0201e-05,             9.0201e-05,             9.0201e-05
                    100,                 1.3557,                 0.4917,                 1.2369,                0.98686,                0.98671,                0.99344,                0.60649,                 1.4466,                0.40818,                 1.3634,             9.0101e-05,             9.0101e-05,             9.0101e-05
                    101,                 1.3406,                0.47257,                 1.2391,                0.98765,                0.98671,                 0.9929,                0.61141,                 1.4413,                0.40899,                 1.3747,             9.0001e-05,             9.0001e-05,             9.0001e-05
                    102,                 1.3351,                0.47768,                 1.2379,                0.98628,                0.98505,                0.99322,                0.61146,                 1.4381,                0.40894,                 1.3815,             8.9901e-05,             8.9901e-05,             8.9901e-05
                    103,                 1.3226,                0.47307,                 1.2257,                0.98354,                0.98339,                0.99229,                0.60702,                 1.4468,                0.40712,                 1.3652,             8.9801e-05,             8.9801e-05,             8.9801e-05
                    104,                 1.3264,                0.47559,                 1.2326,                 0.9845,                0.98339,                0.99173,                 0.6104,                 1.4351,                0.40546,                  1.371,             8.9701e-05,             8.9701e-05,             8.9701e-05
                    105,                 1.3373,                0.47314,                 1.2331,                0.98262,                0.98339,                0.99184,                0.61266,                   1.44,                0.40462,                 1.3485,             8.9601e-05,             8.9601e-05,             8.9601e-05
                    106,                 1.3454,                0.47631,                 1.2182,                0.98599,                0.98671,                0.99337,                0.61161,                 1.4454,                0.40629,                 1.3479,             8.9501e-05,             8.9501e-05,             8.9501e-05
                    107,                 1.3261,                0.47813,                 1.2163,                0.98352,                0.98505,                 0.9932,                0.60707,                  1.447,                0.41119,                 1.3343,             8.9401e-05,             8.9401e-05,             8.9401e-05
                    108,                  1.323,                 0.4696,                 1.2103,                0.98647,                0.98671,                0.99323,                0.61045,                 1.4403,                0.40603,                 1.3374,             8.9301e-05,             8.9301e-05,             8.9301e-05
                    109,                 1.3113,                0.47122,                 1.2064,                0.98619,                0.98671,                0.99302,                 0.6104,                 1.4436,                0.40774,                 1.3459,             8.9201e-05,             8.9201e-05,             8.9201e-05
                    110,                 1.3192,                0.47097,                 1.2214,                0.98466,                0.98505,                0.99274,                0.61175,                 1.4388,                0.40567,                 1.3581,             8.9101e-05,             8.9101e-05,             8.9101e-05
                    111,                 1.3241,                0.46942,                 1.2296,                0.98469,                0.98505,                0.99241,                0.61087,                 1.4395,                 0.4109,                 1.3749,             8.9001e-05,             8.9001e-05,             8.9001e-05
                    112,                 1.3332,                0.47552,                 1.2339,                0.98644,                0.98671,                0.99306,                 0.6061,                 1.4448,                  0.409,                 1.3764,             8.8901e-05,             8.8901e-05,             8.8901e-05
                    113,                  1.313,                0.46857,                 1.2194,                0.98504,                0.98419,                0.99301,                0.60612,                 1.4388,                0.40701,                 1.3728,             8.8801e-05,             8.8801e-05,             8.8801e-05
                    114,                 1.3268,                0.47572,                 1.2321,                0.98473,                0.98505,                 0.9924,                0.61269,                 1.4368,                0.40735,                 1.3764,             8.8701e-05,             8.8701e-05,             8.8701e-05
                    115,                 1.3262,                0.47876,                 1.2175,                0.98671,                0.98639,                0.99287,                0.60883,                 1.4475,                0.40729,                  1.364,             8.8601e-05,             8.8601e-05,             8.8601e-05
                    116,                 1.3099,                0.46349,                  1.215,                0.98642,                0.98671,                0.99213,                0.61018,                 1.4462,                0.40651,                 1.3663,             8.8501e-05,             8.8501e-05,             8.8501e-05
                    117,                 1.3205,                0.47671,                 1.2091,                0.98729,                0.98505,                0.99245,                0.60201,                 1.4468,                0.41043,                 1.3474,             8.8401e-05,             8.8401e-05,             8.8401e-05
                    118,                 1.3041,                0.46451,                 1.2086,                0.98669,                0.98542,                0.99307,                0.60876,                 1.4435,                0.40525,                 1.3496,             8.8301e-05,             8.8301e-05,             8.8301e-05
                    119,                 1.3105,                  0.462,                 1.2114,                0.98666,                 0.9829,                0.99254,                0.60519,                 1.4405,                 0.4059,                 1.3561,             8.8201e-05,             8.8201e-05,             8.8201e-05
                    120,                 1.3165,                0.47069,                 1.2187,                0.98818,                0.98339,                 0.9926,                0.60594,                   1.44,                0.40663,                 1.3431,             8.8101e-05,             8.8101e-05,             8.8101e-05
                    121,                 1.2976,                0.46696,                 1.2033,                0.98673,                0.98339,                0.99306,                0.60852,                 1.4395,                0.40611,                 1.3471,             8.8001e-05,             8.8001e-05,             8.8001e-05
                    122,                 1.3018,                0.45467,                 1.2068,                0.98583,                0.98339,                0.99311,                 0.6099,                 1.4357,                0.40462,                 1.3418,             8.7901e-05,             8.7901e-05,             8.7901e-05
                    123,                 1.3118,                0.46506,                 1.2131,                0.98671,                0.98642,                0.99284,                0.60573,                 1.4456,                0.40566,                  1.365,             8.7801e-05,             8.7801e-05,             8.7801e-05
                    124,                 1.3224,                0.46806,                 1.2154,                0.98837,                0.98821,                0.99323,                0.60617,                 1.4423,                0.40784,                 1.3611,             8.7701e-05,             8.7701e-05,             8.7701e-05
                    125,                 1.3015,                0.46394,                 1.2069,                0.98837,                0.98782,                0.99336,                0.60577,                 1.4446,                0.40658,                 1.3587,             8.7601e-05,             8.7601e-05,             8.7601e-05
                    126,                 1.3026,                0.46783,                 1.2166,                 0.9863,                0.98671,                0.99318,                0.60487,                 1.4506,                0.40847,                 1.3801,             8.7501e-05,             8.7501e-05,             8.7501e-05
                    127,                 1.3142,                 0.4652,                 1.2184,                0.98635,                0.98671,                0.99291,                0.60679,                 1.4587,                0.40608,                 1.3785,             8.7401e-05,             8.7401e-05,             8.7401e-05
                    128,                 1.3211,                0.47453,                 1.2288,                0.98766,                0.98837,                0.99351,                0.60469,                 1.4559,                0.40512,                 1.3753,             8.7301e-05,             8.7301e-05,             8.7301e-05
                    129,                 1.2937,                0.46134,                 1.2125,                0.98789,                0.98837,                0.99343,                0.60368,                 1.4613,                0.40592,                  1.388,             8.7201e-05,             8.7201e-05,             8.7201e-05
                    130,                  1.326,                0.46993,                 1.2311,                0.98797,                0.98837,                 0.9933,                0.60246,                 1.4537,                0.40578,                 1.3703,             8.7101e-05,             8.7101e-05,             8.7101e-05
                    131,                 1.3184,                0.46397,                 1.2289,                0.98641,                0.98671,                 0.9931,                0.60844,                 1.4491,                0.40231,                  1.367,             8.7001e-05,             8.7001e-05,             8.7001e-05
                    132,                 1.2825,                 0.4557,                 1.1998,                0.98636,                0.98671,                0.99316,                0.60755,                  1.447,                0.40148,                 1.3695,             8.6901e-05,             8.6901e-05,             8.6901e-05
                    133,                 1.3034,                0.46757,                 1.2193,                0.98643,                0.98671,                0.99271,                0.60747,                 1.4541,                0.40569,                 1.3709,             8.6801e-05,             8.6801e-05,             8.6801e-05
                    134,                  1.311,                0.46798,                 1.2227,                0.98286,                0.98339,                0.99148,                0.60779,                 1.4547,                0.40582,                 1.3795,             8.6701e-05,             8.6701e-05,             8.6701e-05
                    135,                 1.2981,                0.45796,                 1.2213,                0.98461,                0.98505,                0.99254,                0.60894,                 1.4524,                0.40494,                 1.3898,             8.6601e-05,             8.6601e-05,             8.6601e-05
                    136,                 1.3174,                0.46437,                 1.2288,                0.98611,                0.98671,                0.99317,                0.61021,                 1.4518,                0.40677,                 1.3962,             8.6501e-05,             8.6501e-05,             8.6501e-05
                    137,                 1.3067,                0.46604,                 1.2246,                0.98624,                0.98671,                0.99235,                0.60944,                 1.4524,                0.40768,                 1.3973,             8.6401e-05,             8.6401e-05,             8.6401e-05
                    138,                 1.3115,                 0.4681,                 1.2309,                 0.9865,                0.98671,                0.99313,                 0.6106,                 1.4532,                0.40629,                 1.4004,             8.6301e-05,             8.6301e-05,             8.6301e-05
                    139,                  1.296,                0.46141,                 1.2152,                0.98494,                0.98505,                0.99285,                0.60775,                 1.4477,                 0.4061,                 1.3954,             8.6201e-05,             8.6201e-05,             8.6201e-05
                    140,                 1.3103,                0.45828,                 1.2273,                0.98655,                0.98671,                0.99338,                0.61203,                 1.4474,                 0.4093,                 1.3879,             8.6101e-05,             8.6101e-05,             8.6101e-05
                    141,                 1.3012,                0.46607,                  1.222,                0.98313,                0.98339,                0.99081,                0.60616,                 1.4573,                 0.4139,                 1.4023,             8.6001e-05,             8.6001e-05,             8.6001e-05
                    142,                 1.3041,                 0.4635,                 1.2275,                0.98315,                0.98339,                0.99246,                0.60826,                 1.4505,                0.40873,                 1.3997,             8.5901e-05,             8.5901e-05,             8.5901e-05
                    143,                 1.3005,                 0.4665,                 1.2188,                0.98473,                0.98505,                  0.993,                0.60737,                 1.4576,                0.40904,                 1.3996,             8.5801e-05,             8.5801e-05,             8.5801e-05
                    144,                 1.2808,                0.46533,                 1.2139,                 0.9847,                0.98505,                0.99328,                0.60952,                 1.4498,                0.40598,                 1.3899,             8.5701e-05,             8.5701e-05,             8.5701e-05
                    145,                 1.2695,                0.45623,                 1.2003,                0.98311,                0.98339,                0.99262,                0.60951,                  1.449,                0.40517,                 1.3794,             8.5601e-05,             8.5601e-05,             8.5601e-05
                    146,                 1.2808,                0.45269,                 1.2027,                0.98485,                0.98505,                0.99333,                0.61017,                 1.4526,                 0.4048,                 1.3742,             8.5501e-05,             8.5501e-05,             8.5501e-05
                    147,                 1.2961,                0.45656,                 1.2093,                0.98311,                0.98339,                0.99277,                0.60862,                 1.4465,                0.40585,                 1.3738,             8.5401e-05,             8.5401e-05,             8.5401e-05
                    148,                 1.2933,                0.45371,                 1.2157,                 0.9831,                0.98339,                0.99272,                0.60786,                 1.4536,                0.40749,                  1.391,             8.5301e-05,             8.5301e-05,             8.5301e-05
                    149,                 1.2902,                0.45651,                 1.2137,                0.98309,                0.98339,                0.99257,                0.60926,                 1.4553,                0.40763,                 1.3984,             8.5201e-05,             8.5201e-05,             8.5201e-05
                    150,                 1.2888,                0.45489,                 1.2299,                0.98465,                0.98505,                0.99304,                0.60925,                 1.4534,                0.41006,                 1.4083,             8.5101e-05,             8.5101e-05,             8.5101e-05
                    151,                 1.2909,                0.46176,                 1.2142,                0.98315,                0.98339,                0.99246,                0.60871,                 1.4562,                0.41108,                 1.4087,             8.5002e-05,             8.5002e-05,             8.5002e-05
                    152,                 1.2804,                0.45641,                 1.2252,                 0.9849,                0.98505,                0.99273,                0.61046,                 1.4664,                 0.4122,                 1.4232,             8.4902e-05,             8.4902e-05,             8.4902e-05
                    153,                 1.2636,                 0.4507,                 1.2116,                0.98155,                0.98173,                0.99114,                0.60503,                 1.4694,                0.40967,                 1.4271,             8.4802e-05,             8.4802e-05,             8.4802e-05
                    154,                 1.2881,                0.46563,                 1.2144,                0.98644,                0.98671,                0.99289,                0.60525,                 1.4667,                0.41185,                 1.4239,             8.4702e-05,             8.4702e-05,             8.4702e-05
                    155,                 1.2584,                0.44986,                 1.2128,                0.98646,                0.98671,                0.99316,                0.60918,                 1.4612,                0.41162,                 1.4285,             8.4602e-05,             8.4602e-05,             8.4602e-05
                    156,                 1.2804,                0.46271,                 1.2314,                0.98804,                0.98837,                0.99389,                0.60947,                 1.4639,                0.41135,                 1.4261,             8.4502e-05,             8.4502e-05,             8.4502e-05
                    157,                 1.2921,                0.45589,                 1.2246,                0.98798,                0.98837,                0.99367,                0.60755,                  1.466,                0.41331,                 1.4261,             8.4402e-05,             8.4402e-05,             8.4402e-05
                    158,                 1.2582,                0.44353,                 1.2056,                0.98625,                0.98671,                  0.993,                0.60774,                 1.4569,                0.41212,                 1.4278,             8.4302e-05,             8.4302e-05,             8.4302e-05
                    159,                 1.2925,                0.46335,                 1.2159,                 0.9865,                0.98671,                0.99292,                0.60802,                 1.4574,                0.41128,                 1.4255,             8.4202e-05,             8.4202e-05,             8.4202e-05
                    160,                 1.2736,                0.45324,                 1.2187,                0.98825,                0.98837,                0.99387,                0.60831,                 1.4574,                0.41216,                 1.4302,             8.4102e-05,             8.4102e-05,             8.4102e-05
                    161,                  1.286,                0.46571,                  1.222,                 0.9849,                0.98505,                0.99227,                0.61079,                 1.4571,                0.41258,                 1.4327,             8.4002e-05,             8.4002e-05,             8.4002e-05
                    162,                 1.2822,                 0.4608,                 1.2245,                0.98833,                0.98837,                0.99376,                0.60896,                 1.4561,                0.40902,                 1.4325,             8.3902e-05,             8.3902e-05,             8.3902e-05
                    163,                  1.262,                0.46117,                  1.214,                0.98484,                0.98505,                0.99304,                0.60969,                 1.4557,                0.41133,                 1.4383,             8.3802e-05,             8.3802e-05,             8.3802e-05
                    164,                  1.267,                0.45313,                 1.2179,                0.98463,                0.98505,                0.99257,                0.61051,                 1.4567,                0.41189,                 1.4379,             8.3702e-05,             8.3702e-05,             8.3702e-05
                    165,                 1.2753,                0.45795,                 1.2131,                0.98632,                0.98671,                0.99341,                0.60868,                 1.4556,                0.40944,                 1.4303,             8.3602e-05,             8.3602e-05,             8.3602e-05
                    166,                 1.2643,                0.45546,                 1.2122,                0.98629,                0.98671,                0.99343,                0.60975,                 1.4569,                0.40781,                 1.4234,             8.3502e-05,             8.3502e-05,             8.3502e-05
                    167,                 1.2466,                0.44249,                 1.1969,                0.98647,                0.98671,                0.99339,                0.60695,                 1.4573,                0.40809,                 1.4236,             8.3402e-05,             8.3402e-05,             8.3402e-05
                    168,                 1.2786,                0.45955,                 1.2222,                 0.9848,                0.98505,                0.99258,                0.60578,                 1.4627,                  0.408,                 1.4306,             8.3302e-05,             8.3302e-05,             8.3302e-05
                    169,                 1.2696,                0.45416,                 1.2127,                0.98657,                0.98671,                 0.9934,                0.60575,                 1.4611,                0.40964,                 1.4305,             8.3202e-05,             8.3202e-05,             8.3202e-05
                    170,                 1.2772,                0.45447,                 1.2244,                0.98484,                0.98505,                0.99294,                0.60715,                 1.4623,                0.41136,                 1.4259,             8.3102e-05,             8.3102e-05,             8.3102e-05
                    171,                 1.2586,                 0.4508,                 1.2039,                0.98485,                0.98505,                0.99277,                0.60827,                 1.4612,                0.40957,                 1.4106,             8.3002e-05,             8.3002e-05,             8.3002e-05
                    172,                 1.2691,                0.45086,                 1.2022,                 0.9849,                0.98505,                0.99272,                0.60811,                 1.4647,                0.40681,                 1.3967,             8.2902e-05,             8.2902e-05,             8.2902e-05
                    173,                 1.2699,                0.45459,                 1.1928,                0.98505,                0.98496,                0.99291,                0.60574,                 1.4614,                0.40725,                  1.385,             8.2802e-05,             8.2802e-05,             8.2802e-05
                    174,                  1.264,                0.45548,                 1.1875,                0.98505,                0.98485,                0.99287,                0.60696,                 1.4607,                0.40559,                 1.3766,             8.2702e-05,             8.2702e-05,             8.2702e-05
                    175,                 1.2331,                0.43735,                 1.1795,                0.98505,                0.98483,                0.99292,                0.60742,                 1.4627,                0.40783,                 1.3769,             8.2602e-05,             8.2602e-05,             8.2602e-05
                    176,                  1.257,                0.44277,                 1.1864,                0.98671,                 0.9866,                0.99349,                0.60547,                 1.4663,                0.40679,                 1.3778,             8.2502e-05,             8.2502e-05,             8.2502e-05
                    177,                  1.257,                0.44326,                 1.1913,                0.98671,                0.98664,                0.99345,                0.60631,                 1.4677,                0.40497,                  1.383,             8.2402e-05,             8.2402e-05,             8.2402e-05
                    178,                 1.2562,                0.45459,                 1.1883,                0.98656,                0.98671,                0.99332,                0.60534,                 1.4661,                0.40487,                 1.3878,             8.2302e-05,             8.2302e-05,             8.2302e-05
                    179,                 1.2466,                0.44538,                 1.1884,                 0.9848,                0.98505,                0.99284,                0.60703,                 1.4661,                0.40464,                 1.3978,             8.2202e-05,             8.2202e-05,             8.2202e-05
                    180,                 1.2621,                0.44334,                 1.2031,                0.98479,                0.98505,                0.99281,                0.60964,                 1.4671,                 0.4027,                 1.4013,             8.2102e-05,             8.2102e-05,             8.2102e-05
                    181,                 1.2544,                0.45027,                 1.1947,                0.98469,                0.98505,                0.99284,                0.61016,                 1.4632,                0.40443,                 1.4003,             8.2002e-05,             8.2002e-05,             8.2002e-05
                    182,                 1.2604,                0.44421,                 1.2011,                0.98463,                0.98505,                0.99264,                0.60857,                 1.4619,                0.40452,                 1.3935,             8.1902e-05,             8.1902e-05,             8.1902e-05
                    183,                  1.253,                0.44776,                  1.195,                0.98461,                0.98505,                0.99248,                0.60832,                 1.4613,                0.40505,                 1.3939,             8.1802e-05,             8.1802e-05,             8.1802e-05
                    184,                 1.2557,                0.44864,                 1.2009,                0.98341,                0.98463,                0.99221,                0.60869,                 1.4578,                0.40646,                 1.3964,             8.1702e-05,             8.1702e-05,             8.1702e-05
                    185,                  1.261,                0.44888,                 1.1983,                0.98341,                0.98465,                0.99222,                0.60963,                 1.4609,                 0.4053,                 1.3953,             8.1602e-05,             8.1602e-05,             8.1602e-05
                    186,                 1.2536,                0.44736,                 1.1976,                0.98341,                0.98468,                0.99214,                0.60941,                 1.4649,                0.40532,                 1.4006,             8.1502e-05,             8.1502e-05,             8.1502e-05
                    187,                 1.2503,                0.44763,                 1.1945,                0.98341,                0.98466,                0.99201,                0.60702,                 1.4673,                 0.4078,                 1.4142,             8.1402e-05,             8.1402e-05,             8.1402e-05
                    188,                 1.2474,                0.45279,                 1.2026,                0.98341,                0.98468,                0.99216,                0.60847,                 1.4663,                  0.408,                 1.4224,             8.1302e-05,             8.1302e-05,             8.1302e-05
                    189,                 1.2508,                0.44074,                 1.2093,                0.98341,                 0.9848,                0.99234,                0.60844,                 1.4657,                0.40668,                 1.4238,             8.1202e-05,             8.1202e-05,             8.1202e-05
                    190,                 1.2356,                 0.4377,                 1.1915,                0.98341,                0.98493,                0.99196,                0.60927,                 1.4633,                0.40762,                 1.4163,             8.1102e-05,             8.1102e-05,             8.1102e-05
                    191,                 1.2304,                0.44515,                 1.1833,                0.98507,                0.98624,                 0.9923,                0.60768,                 1.4624,                 0.4079,                 1.4168,             8.1002e-05,             8.1002e-05,             8.1002e-05
                    192,                 1.2535,                0.44708,                 1.1982,                0.98448,                0.98505,                0.99242,                0.60546,                 1.4642,                 0.4086,                 1.4216,             8.0902e-05,             8.0902e-05,             8.0902e-05
                    193,                 1.2413,                 0.4474,                 1.2104,                0.98281,                0.98339,                0.99173,                0.60379,                 1.4667,                0.41171,                 1.4297,             8.0802e-05,             8.0802e-05,             8.0802e-05
                    194,                 1.2544,                0.45035,                 1.2059,                0.98282,                0.98339,                0.99177,                  0.605,                 1.4713,                 0.4101,                 1.4395,             8.0702e-05,             8.0702e-05,             8.0702e-05
                    195,                 1.2528,                0.44368,                 1.1982,                0.98293,                0.98339,                0.99186,                0.60428,                 1.4704,                 0.4072,                 1.4352,             8.0602e-05,             8.0602e-05,             8.0602e-05
                    196,                 1.2401,                0.44504,                 1.1909,                0.98341,                0.98472,                0.99165,                0.60555,                  1.468,                0.40735,                 1.4288,             8.0502e-05,             8.0502e-05,             8.0502e-05
                    197,                  1.241,                0.45218,                 1.1942,                0.98341,                 0.9848,                0.99172,                0.60647,                 1.4685,                0.40695,                 1.4275,             8.0402e-05,             8.0402e-05,             8.0402e-05
                    198,                 1.2309,                0.43751,                 1.1851,                0.98303,                0.98505,                0.99172,                0.60548,                 1.4751,                0.40675,                 1.4308,             8.0302e-05,             8.0302e-05,             8.0302e-05
                    199,                 1.2481,                0.44035,                 1.1855,                0.98131,                0.98339,                 0.9901,                0.60281,                 1.4733,                0.40712,                 1.4232,             8.0202e-05,             8.0202e-05,             8.0202e-05
                    200,                 1.2423,                0.43941,                 1.1993,                0.98129,                0.98339,                 0.9898,                0.60461,                 1.4758,                0.40631,                 1.4272,             8.0102e-05,             8.0102e-05,             8.0102e-05
                    201,                 1.2475,                 0.4464,                 1.1944,                0.98176,                0.98326,                0.98955,                0.60578,                 1.4752,                0.40744,                 1.4291,             8.0002e-05,             8.0002e-05,             8.0002e-05
                    202,                 1.2406,                0.43767,                 1.1868,                0.97951,                0.98173,                0.98742,                0.60672,                 1.4729,                0.40852,                 1.4249,             7.9902e-05,             7.9902e-05,             7.9902e-05
                    203,                 1.2454,                 0.4461,                 1.1905,                0.98457,                0.98671,                0.99268,                0.60799,                 1.4746,                 0.4065,                 1.4263,             7.9802e-05,             7.9802e-05,             7.9802e-05
                    204,                 1.2437,                0.43752,                 1.1892,                0.98318,                0.98505,                0.99189,                0.60931,                 1.4743,                0.40699,                 1.4191,             7.9702e-05,             7.9702e-05,             7.9702e-05
                    205,                   1.22,                0.43858,                 1.1823,                0.98507,                0.98651,                0.99215,                0.61084,                  1.472,                0.40553,                 1.4151,             7.9602e-05,             7.9602e-05,             7.9602e-05
                    206,                 1.2246,                 0.4433,                 1.1886,                0.98673,                0.98811,                0.99312,                0.60804,                 1.4743,                0.40463,                 1.4202,             7.9502e-05,             7.9502e-05,             7.9502e-05
                    207,                 1.2346,                0.43962,                 1.1936,                0.98474,                0.98671,                 0.9922,                0.60977,                 1.4736,                0.40294,                 1.4226,             7.9402e-05,             7.9402e-05,             7.9402e-05
                    208,                 1.2406,                0.44197,                 1.1911,                0.98485,                0.98671,                0.99211,                0.60985,                 1.4719,                0.40469,                 1.4215,             7.9302e-05,             7.9302e-05,             7.9302e-05
                    209,                 1.2356,                0.44309,                 1.1856,                0.98464,                0.98671,                0.99204,                0.60834,                 1.4749,                 0.4047,                  1.424,             7.9202e-05,             7.9202e-05,             7.9202e-05
                    210,                 1.2306,                0.44375,                   1.19,                0.98608,                0.98837,                0.99317,                0.60876,                 1.4763,                0.40408,                 1.4259,             7.9102e-05,             7.9102e-05,             7.9102e-05
                    211,                 1.2299,                0.43725,                 1.1878,                0.98641,                0.98837,                0.99314,                0.60646,                 1.4764,                0.40353,                 1.4288,             7.9002e-05,             7.9002e-05,             7.9002e-05
                    212,                 1.2195,                0.43875,                  1.186,                0.98673,                0.98824,                0.99298,                0.60733,                 1.4759,                0.40524,                 1.4361,             7.8902e-05,             7.8902e-05,             7.8902e-05
                    213,                 1.2519,                0.45289,                 1.2045,                0.98659,                0.98837,                 0.9929,                0.60364,                 1.4761,                 0.4063,                 1.4445,             7.8802e-05,             7.8802e-05,             7.8802e-05
                    214,                 1.2116,                0.43042,                 1.1842,                0.98507,                0.98653,                0.99184,                 0.6044,                 1.4777,                0.40724,                  1.449,             7.8702e-05,             7.8702e-05,             7.8702e-05
